"File","SHA256"
"App/chassis_control.c","B860D465FE4DD2019DA8D846A1A80CDEA937A4E2B47B1FB12815CD91C6230361"
"App/chassis_control.h","79393DA6592798B7A4B69BB1F3A5A26EAF724B6A414D2BC09AF24B2E902FEE26"
"App/path_chassis.c","CBA37F50D45741DA8C7A6736D0EC07C232C9D49108BCAE59CC89C9C7C269593A"
"App/path_mission.c","71EAE5ABC48E7A103C35ADF9A65916C73EFFD617614AC9C195874BFABDEA90C5"
"App/path_config.h","79F3F73C1B0E4B830196504472E788919300C8E1882753CCFE618EC3E598DDE7"
"App/stair_heading.h","800338262751D684EF682364D5117198BC78EBC7A05E6B518025990BA97413EB"
"App/path_warehouse.c","A06784AD71CF3B3DD81EE3096A85FDE79B116C02BEA9C0813807AF6F7FB41602"
"App/path_ports.c","8E7C15602EF7A39EE469ED36208F8E89D648571F38EE613DA5B674119169D775"
"Algorithm/heading.c","BCDD69928C2F7EBA5AACFE1A9C2F0D73B6743B6BE2C1698412589702D44EAC4E"
"Algorithm/planner.c","3ABA3843515F4D7110DC7C5A3E6E5062AD4C610DBBF9AADAA4EFE5BA51484B6F"
"Algorithm/motion.c","E35F41F3379CD459F108CBA5477732E46C4E7F1D89B5494E052E8E87A90079CD"
"tests/test_blue_stair_pause.c","7970573D3C161064D07380CEAEFBF02C07AD7CFCE5F553BF7D31580DC48AF803"
"tests/test_stair_heading.c","B11608587011C138BADDB14B469507D914CE368A739CBFC3A09FE4A5E753F1FA"
